Fecha transito,Fecha sitio,Mes,Latitude,Longitude,Costo Unitario
14/01/2025 12:30,14/01/2025,1,19.7001798,-99.14872326,350
18/02/2025 13:12,18/02/2025,2,19.70017633,-99.14872896,800
11/02/2025 16:07,11/02/2025,2,19.67759329,-99.09706526,350
10/01/2025 10:56,10/01/2025,1,19.67759329,-99.09706526,350
04/01/2025 14:53,04/01/2025,1,19.67739345,-99.13395166,350
04/01/2025 15:33,04/01/2025,1,19.67739345,-99.13395166,350
04/01/2025 14:51,04/01/2025,1,19.67739345,-99.13395166,350
13/06/2025 17:28,13/06/2025,6,19.6773682,-99.13394831,800
08/01/2025 14:08,08/01/2025,1,19.67650855,-99.09223694,350
08/01/2025 14:57,08/01/2025,1,19.6764915,-99.09222823,350
14/04/2025 11:53,14/04/2025,4,19.67651139,-99.0922071,350
08/01/2025 09:14,08/01/2025,1,19.68000488,-99.10582166,350
21/03/2025 14:37,21/03/2025,3,19.67998215,-99.10580892,350
10/01/2025 11:00,10/01/2025,1,19.6791765,-99.09211557,350
11/02/2025 13:46,11/02/2025,2,19.6791765,-99.09211557,350
10/01/2025 12:44,10/01/2025,1,19.67881661,-99.10115328,350
18/03/2025 13:49,18/03/2025,3,19.67882545,-99.10115227,350
18/03/2025 12:32,18/03/2025,3,19.67884313,-99.10114523,350
11/01/2025 13:01,11/01/2025,1,19.69424353,-99.14767083,350
18/02/2025 16:00,18/02/2025,2,19.69422396,-99.14768692,800
10/01/2025 14:03,10/01/2025,1,19.67674943,-99.10190128,350
14/03/2025 11:48,14/03/2025,3,19.67675101,-99.10190228,800
30/01/2025 10:23,30/01/2025,1,19.67312422,-99.08585161,800
07/02/2025 18:03,07/02/2025,2,19.6731479,-99.08585396,800
08/01/2025 09:56,08/01/2025,1,19.67987008,-99.10551321,350
08/03/2025 17:32,08/03/2025,3,19.67987671,-99.10551656,350
09/01/2025 14:58,09/01/2025,1,19.67867676,-99.0968832,350
11/02/2025 13:07,11/02/2025,2,19.67867676,-99.0968832,350
09/01/2025 16:22,09/01/2025,1,19.6794401,-99.09670316,350
02/01/2025 15:55,02/01/2025,1,19.67941169,-99.09668773,350
02/01/2025 15:39,02/01/2025,1,19.67943884,-99.09670014,350
06/01/2025 11:12,06/01/2025,1,19.67942306,-99.09671992,800
03/04/2025 12:13,03/04/2025,4,19.67943505,-99.0966874,800
23/01/2025 10:18,23/01/2025,1,19.66901495,-99.08370819,350
23/01/2025 09:50,23/01/2025,1,19.66901873,-99.08374306,350
26/02/2025 11:23,26/02/2025,2,19.66900863,-99.08369847,350
09/01/2025 13:31,09/01/2025,1,19.71982952,-99.14894655,350
11/07/2025 17:25,11/07/2025,7,19.71984751,-99.14896064,350
11/07/2025 17:21,11/07/2025,7,19.71984341,-99.14896499,350
11/07/2025 17:21,11/07/2025,7,19.71983268,-99.14895426,350
05/02/2025 12:47,05/02/2025,2,19.69826978,-99.11329128,350
28/01/2025 13:50,28/01/2025,1,19.69829503,-99.1133067,350
02/01/2025 13:52,02/01/2025,1,19.68005034,-99.09651406,350
02/01/2025 14:50,02/01/2025,1,19.68003739,-99.09653284,350
02/01/2025 16:42,02/01/2025,1,19.68006549,-99.09653284,350
09/04/2025 09:37,09/04/2025,4,19.68006044,-99.09653686,350
03/01/2025 15:25,03/01/2025,1,19.68262668,-99.13084332,350
10/06/2025 11:14,10/06/2025,6,19.68262447,-99.13081113,800
29/01/2025 17:52,29/01/2025,1,19.62313361,-99.0979705,350
23/03/2025 11:07,23/03/2025,3,19.62313835,-99.09796514,800
23/03/2025 10:08,23/03/2025,3,19.62310677,-99.09797017,800
08/01/2025 10:28,08/01/2025,1,19.67986345,-99.10522152,350
22/03/2025 13:07,22/03/2025,3,19.67982809,-99.10522789,350
03/02/2025 15:06,03/02/2025,2,19.67535151,-99.11714595,350
14/06/2025 14:13,14/06/2025,6,19.67534835,-99.11718182,800
14/06/2025 14:11,14/06/2025,6,19.67533572,-99.11713924,800
08/01/2025 11:05,08/01/2025,1,19.67988681,-99.10519168,350
22/03/2025 10:26,22/03/2025,3,19.67988523,-99.10521213,350
22/03/2025 11:39,22/03/2025,3,19.67985587,-99.10520677,350
08/01/2025 11:44,08/01/2025,1,19.6796532,-99.10435818,350
09/03/2025 09:58,09/03/2025,3,19.67966614,-99.10436857,350
25/03/2025 18:21,25/03/2025,3,19.67967529,-99.104384,350
06/01/2025 11:35,06/01/2025,1,19.68018735,-99.09650736,350
09/04/2025 11:28,09/04/2025,4,19.68019871,-99.09652412,350
09/01/2025 15:38,09/01/2025,1,19.6777344,-99.09156304,350
09/01/2025 15:46,09/01/2025,1,19.67773977,-99.09157109,350
09/01/2025 15:59,09/01/2025,1,19.67772336,-99.091557,350
13/03/2025 17:15,13/03/2025,3,19.67775145,-99.0915845,350
13/03/2025 15:55,13/03/2025,3,19.67772998,-99.09152985,350
30/01/2025 12:15,30/01/2025,1,19.6263213,-99.09863133,350
05/06/2025 08:26,05/06/2025,6,19.62633994,-99.09860484,800
28/01/2025 17:10,28/01/2025,1,19.67286345,-99.08384934,800
30/01/2025 11:19,30/01/2025,1,19.67287481,-99.08385839,800
01/02/2025 13:15,01/02/2025,2,19.67286913,-99.08381682,800
01/02/2025 13:16,01/02/2025,2,19.67286913,-99.08381682,800
27/01/2025 14:37,27/01/2025,1,19.63326239,-99.10280284,350
31/05/2025 12:52,31/05/2025,5,19.63325576,-99.10276562,800
30/05/2025 10:38,30/05/2025,5,19.6332466,-99.10281491,800
13/01/2025 12:45,13/01/2025,1,19.67642521,-99.09996271,350
13/01/2025 12:00,13/01/2025,1,19.67643752,-99.09994796,350
25/02/2025 14:24,25/02/2025,2,19.67640753,-99.09998316,350
01/06/2025 11:01,01/06/2025,6,19.75503611,-99.19852786,350
24/02/2025 17:03,24/02/2025,2,19.75505,-99.19855334,800
24/02/2025 15:52,24/02/2025,2,19.75501844,-99.19855502,800
08/01/2025 12:24,08/01/2025,1,19.67881345,-99.10225935,350
30/03/2025 11:22,30/03/2025,3,19.67883397,-99.10223957,350
03/02/2025 15:43,03/02/2025,2,19.67162746,-99.11841363,350
02/06/2025 16:09,02/06/2025,6,19.67161104,-99.11844347,800
02/06/2025 10:59,02/06/2025,6,19.67160662,-99.11841329,800
15/03/2025 09:31,15/03/2025,3,19.67165334,-99.11839183,350
02/06/2025 13:47,02/06/2025,6,19.67160757,-99.11844313,800
24/02/2025 11:27,24/02/2025,2,19.67162682,-99.11841832,350
08/01/2025 13:39,08/01/2025,1,19.72014261,-99.15179171,350
13/06/2025 17:21,13/06/2025,6,19.72012651,-99.15177327,800
06/01/2025 14:39,06/01/2025,1,19.67912409,-99.09683593,350
09/04/2025 16:50,09/04/2025,4,19.67912536,-99.09683123,350
09/01/2025 17:54,09/01/2025,1,19.67801474,-99.09651574,350
29/03/2025 15:36,29/03/2025,3,19.67803305,-99.09649327,350
29/03/2025 13:26,29/03/2025,3,19.67803747,-99.09649462,350
27/03/2025 18:27,27/03/2025,3,19.67801632,-99.09651004,350
29/03/2025 10:19,29/03/2025,3,19.67798633,-99.09650467,350
17/02/2025 14:13,17/02/2025,2,19.6634264,-99.07921381,350
17/04/2025 17:23,17/04/2025,4,19.66341472,-99.07923896,350
08/01/2025 15:55,08/01/2025,1,19.67680183,-99.09216989,350
08/01/2025 16:25,08/01/2025,1,19.67678289,-99.09216989,350
14/04/2025 15:03,14/04/2025,4,19.67683025,-99.09215011,350
09/01/2025 15:24,09/01/2025,1,19.67808514,-99.0914752,350
09/01/2025 16:00,09/01/2025,1,19.67810377,-99.09146145,350
13/03/2025 11:49,13/03/2025,3,19.67809745,-99.09145039,350
10/01/2025 14:05,10/01/2025,1,19.67851765,-99.10229858,350
30/03/2025 12:26,30/03/2025,3,19.67851323,-99.10227511,350
08/01/2025 12:56,08/01/2025,1,19.67833107,-99.10238173,350
11/03/2025 14:36,11/03/2025,3,19.67832854,-99.10239749,350
30/01/2025 10:20,30/01/2025,1,19.67288744,-99.08391941,800
28/01/2025 17:25,28/01/2025,1,19.67290323,-99.08388689,800
01/02/2025 10:59,01/02/2025,2,19.67290323,-99.08389661,800
02/02/2025 10:23,02/02/2025,2,19.67288334,-99.08391841,800
22/03/2025 22:04,22/03/2025,3,19.68868712,-99.11202595,800
28/02/2025 12:14,28/02/2025,2,19.68868807,-99.1120635,800
29/05/2025 14:47,29/05/2025,5,19.75808487,-99.19213045,800
04/06/2025 16:32,04/06/2025,6,19.75808077,-99.19211671,350
23/05/2025 14:01,23/05/2025,5,19.75806972,-99.19211537,350
09/01/2025 11:20,09/01/2025,1,19.67489343,-99.08747334,800
09/01/2025 11:28,09/01/2025,1,19.67489343,-99.08747334,800
09/01/2025 11:00,09/01/2025,1,19.6749231,-99.08748038,800
09/01/2025 13:04,09/01/2025,1,19.67487101,-99.08747938,800
08/03/2025 09:36,08/03/2025,3,19.67489469,-99.08750687,350
09/01/2025 11:32,09/01/2025,1,19.6748849,-99.08747502,800
06/01/2025 16:01,06/01/2025,1,19.67659852,-99.0872068,800
06/01/2025 17:28,06/01/2025,1,19.67661115,-99.08718467,800
14/05/2025 13:26,14/05/2025,5,19.67659284,-99.08724234,800
06/01/2025 09:25,06/01/2025,1,19.67658558,-99.08723999,800
17/02/2025 10:29,17/02/2025,2,19.66073325,-99.08040807,350
17/04/2025 16:38,17/04/2025,4,19.66076387,-99.08041142,350
06/01/2025 13:29,06/01/2025,1,19.67689654,-99.08714008,800
06/01/2025 12:46,06/01/2025,1,19.67688834,-99.08715516,800
05/01/2025 17:03,05/01/2025,1,19.67692117,-99.08716388,800
06/01/2025 11:27,06/01/2025,1,19.67686655,-99.08712666,800
14/05/2025 15:16,14/05/2025,5,19.67690159,-99.08710957,800
14/05/2025 15:12,14/05/2025,5,19.67690002,-99.08713169,800
05/01/2025 17:09,05/01/2025,1,19.67690002,-99.08715181,800
06/01/2025 15:56,06/01/2025,1,19.67686939,-99.08713236,800
27/06/2025 11:18,27/06/2025,6,19.66316624,-99.10934508,800
09/04/2025 12:22,09/04/2025,4,19.66317003,-99.10934508,800
09/01/2025 14:38,09/01/2025,1,19.6770042,-99.08713471,800
14/05/2025 16:17,14/05/2025,5,19.67701177,-99.08710286,800
14/05/2025 16:16,14/05/2025,5,19.67700956,-99.08711325,800
18/05/2025 17:42,18/05/2025,5,19.64572337,-99.12043534,800
26/03/2025 13:30,26/03/2025,3,19.64573,-99.12044674,800
24/03/2025 11:40,24/03/2025,3,19.64573158,-99.12046988,800
25/03/2025 09:30,25/03/2025,3,19.64572495,-99.1204216,800
26/03/2025 11:22,26/03/2025,3,19.64571958,-99.1204568,800
25/03/2025 11:26,25/03/2025,3,19.64573506,-99.12042327,800
24/03/2025 10:22,24/03/2025,3,19.64572337,-99.12047323,800
25/03/2025 15:20,25/03/2025,3,19.6457199,-99.12044171,800
25/03/2025 14:13,25/03/2025,3,19.6456918,-99.12044004,800
21/01/2025 18:07,21/01/2025,1,19.67183551,-99.08386275,350
07/02/2025 13:10,07/02/2025,2,19.67182919,-99.08383325,800
28/01/2025 11:11,28/01/2025,1,19.67313843,-99.08520184,800
28/01/2025 15:26,28/01/2025,1,19.67313432,-99.08517972,800
28/01/2025 10:16,28/01/2025,1,19.67313275,-99.08521894,800
28/01/2025 14:46,28/01/2025,1,19.67314569,-99.08518206,800
11/02/2025 14:30,11/02/2025,2,19.67315106,-99.08519078,800
06/01/2025 13:27,06/01/2025,1,19.67683846,-99.08715684,800
06/01/2025 10:16,06/01/2025,1,19.67682962,-99.08717494,800
05/01/2025 16:46,05/01/2025,1,19.67686529,-99.08716187,800
14/05/2025 14:46,14/05/2025,5,19.67685298,-99.08717293,800
06/01/2025 14:46,06/01/2025,1,19.67685992,-99.08715013,800
14/05/2025 14:36,14/05/2025,5,19.6768495,-99.08713371,800
06/01/2025 13:32,06/01/2025,1,19.67685992,-99.08716321,800
06/01/2025 10:17,06/01/2025,1,19.67686055,-99.0871508,800
05/01/2025 16:16,05/01/2025,1,19.67684824,-99.08712666,800
08/01/2025 13:17,08/01/2025,1,19.6752448,-99.09256451,350
12/04/2025 11:17,12/04/2025,4,19.67523154,-99.09253836,350
11/01/2025 17:28,11/01/2025,1,19.70058131,-99.14558608,350
07/06/2025 14:12,07/06/2025,6,19.70058699,-99.14560251,800
05/02/2025 15:24,05/02/2025,2,19.67703798,-99.11664069,350
17/06/2025 17:10,17/06/2025,6,19.67703861,-99.11663197,800
07/03/2025 17:02,07/03/2025,3,19.66986484,-99.07995846,800
25/02/2025 16:24,25/02/2025,2,19.66986484,-99.07995846,350
25/02/2025 17:24,25/02/2025,2,19.66983485,-99.07996047,350
22/01/2025 17:19,22/01/2025,1,19.67245524,-99.0823587,350
08/02/2025 10:47,08/02/2025,2,19.67245745,-99.08233792,800
02/05/2025 18:03,02/05/2025,5,19.63816454,-99.10733074,800
03/05/2025 16:26,03/05/2025,5,19.63813991,-99.10731833,800
02/05/2025 15:53,02/05/2025,5,19.63817528,-99.107319,800
01/07/2025 10:12,01/07/2025,7,19.63817749,-99.10733912,800
08/05/2025 12:14,08/05/2025,5,19.6381617,-99.10731833,800
06/01/2025 16:00,06/01/2025,1,19.67802453,-99.09635782,350
29/03/2025 17:32,29/03/2025,3,19.67801822,-99.09635514,350
24/02/2025 17:56,24/02/2025,2,19.64796999,-99.11905434,800
24/02/2025 17:30,24/02/2025,2,19.64794473,-99.11902953,800
24/02/2025 11:10,24/02/2025,2,19.64799209,-99.11903456,800
23/02/2025 09:25,23/02/2025,2,19.64796051,-99.11903355,800
22/02/2025 10:24,22/02/2025,2,19.64795672,-99.11903154,800
25/02/2025 10:26,25/02/2025,2,19.64798798,-99.1190359,800
22/02/2025 11:12,22/02/2025,2,19.64796462,-99.11902249,800
12/03/2025 18:24,12/03/2025,3,19.64797883,-99.11908887,800
24/02/2025 11:38,24/02/2025,2,19.6479984,-99.11904328,800
28/01/2025 09:51,28/01/2025,1,19.6730674,-99.08524174,800
11/02/2025 13:43,11/02/2025,2,19.67304182,-99.08525381,800
25/01/2025 18:46,25/01/2025,1,19.70672187,-99.07037225,800
29/03/2025 12:17,29/03/2025,3,19.7067446,-99.07036386,800
30/03/2025 14:14,30/03/2025,3,19.70673987,-99.0703699,800
31/03/2025 11:50,31/03/2025,3,19.63896819,-99.10607748,800
31/03/2025 17:46,31/03/2025,3,19.63895524,-99.10608921,800
01/04/2025 13:26,01/04/2025,4,19.63897829,-99.10610128,800
31/03/2025 15:13,31/03/2025,3,19.63897924,-99.10608217,800
01/04/2025 13:27,01/04/2025,4,19.63897513,-99.10610665,800
20/02/2025 17:36,20/02/2025,2,19.64802366,-99.11916062,800
12/03/2025 12:15,12/03/2025,3,19.64800661,-99.11918744,800
28/01/2025 17:42,28/01/2025,1,19.67286282,-99.08387683,800
28/01/2025 16:20,28/01/2025,1,19.67286155,-99.08386946,800
02/02/2025 12:00,02/02/2025,2,19.6728584,-99.08387985,800
28/01/2025 18:14,28/01/2025,1,19.67284703,-99.08388823,800
01/02/2025 12:25,01/02/2025,2,19.67285619,-99.0838604,800
02/02/2025 12:35,02/02/2025,2,19.67286976,-99.08389829,800
24/02/2025 17:47,24/02/2025,2,19.64858855,-99.12074849,800
11/03/2025 17:30,11/03/2025,3,19.64859044,-99.12074614,800
11/03/2025 13:46,11/03/2025,3,19.6485636,-99.12076458,800
09/03/2025 13:16,09/03/2025,3,19.64857213,-99.12075754,800
29/01/2025 12:40,29/01/2025,1,19.68553665,-99.14602831,800
20/02/2025 10:59,20/02/2025,2,19.6855215,-99.14603401,350
15/04/2025 10:55,15/04/2025,4,19.6470044,-99.1175456,800
16/03/2025 16:09,16/03/2025,3,19.64702177,-99.11756068,800
17/04/2025 16:21,17/04/2025,4,19.64698988,-99.11755666,350
16/03/2025 09:17,16/03/2025,3,19.64700535,-99.11755498,800
16/03/2025 13:19,16/03/2025,3,19.64703156,-99.11756672,800
16/03/2025 11:04,16/03/2025,3,19.64699525,-99.11758248,800
31/05/2025 11:25,31/05/2025,5,19.75673468,-99.19781171,350
24/02/2025 17:10,24/02/2025,2,19.75672679,-99.19781841,800
26/02/2025 14:35,26/02/2025,2,19.6488661,-99.11406912,800
26/02/2025 17:20,26/02/2025,2,19.64885599,-99.11408857,800
26/02/2025 16:35,26/02/2025,2,19.64884178,-99.11409292,800
03/03/2025 14:44,03/03/2025,3,19.64886389,-99.11406744,800
14/06/2025 17:18,14/06/2025,6,19.76542506,-99.19757165,350
20/05/2025 17:40,20/05/2025,5,19.76541244,-99.19760115,350
02/03/2025 13:33,02/03/2025,3,19.64864759,-99.11345456,800
02/03/2025 12:47,02/03/2025,3,19.64865517,-99.11346596,800
06/03/2025 17:35,06/03/2025,3,19.64867601,-99.11346931,800
06/03/2025 14:45,06/03/2025,3,19.64866686,-99.11345221,800
06/03/2025 12:42,06/03/2025,3,19.64864128,-99.11347702,800
17/04/2025 09:31,17/04/2025,4,19.64866907,-99.11346864,350
06/03/2025 13:27,06/03/2025,3,19.64864917,-99.11347233,800
02/03/2025 14:11,02/03/2025,3,19.64865328,-99.11348339,800
18/06/2025 17:14,18/06/2025,6,19.76869416,-99.20140319,350
13/05/2025 10:05,13/05/2025,5,19.76869511,-99.20140486,350
20/06/2025 15:30,20/06/2025,6,19.68624472,-99.11416769,350
22/06/2025 18:17,22/06/2025,6,19.68624251,-99.11420222,800
01/03/2025 10:11,01/03/2025,3,19.68625798,-99.11418144,800
22/06/2025 18:18,22/06/2025,6,19.68622989,-99.11419015,800
22/06/2025 17:14,22/06/2025,6,19.68621758,-99.1141868,800
23/06/2025 14:02,23/06/2025,6,19.68626461,-99.1141697,800
06/06/2025 15:52,06/06/2025,6,19.69359263,-99.12417803,800
28/02/2025 15:29,28/02/2025,2,19.69358948,-99.12414584,800
26/02/2025 17:24,26/02/2025,2,19.64889799,-99.11388002,800
01/03/2025 10:12,01/03/2025,3,19.64891472,-99.11387164,800
07/03/2025 16:08,07/03/2025,3,19.64890935,-99.11385924,800
01/03/2025 11:22,01/03/2025,3,19.64891914,-99.11387231,800
06/03/2025 11:30,06/03/2025,3,19.6488863,-99.11387533,800
03/03/2025 11:33,03/03/2025,3,19.64889294,-99.11388036,800
26/02/2025 15:34,26/02/2025,2,19.64891693,-99.11385588,800
02/03/2025 17:50,02/03/2025,3,19.64886894,-99.11387432,800
15/06/2025 12:19,15/06/2025,6,19.75837895,-99.19418871,350
26/05/2025 15:59,26/05/2025,5,19.75834645,-99.1941971,350
11/04/2025 17:13,11/04/2025,4,19.69405287,-99.10542134,800
12/04/2025 17:18,12/04/2025,4,19.69406108,-99.10542369,800
11/04/2025 15:58,11/04/2025,4,19.69407055,-99.10540525,800
12/04/2025 17:52,12/04/2025,4,19.69404687,-99.10544079,800
30/01/2025 19:03,30/01/2025,1,19.69405824,-99.10544682,800
11/04/2025 16:02,11/04/2025,4,19.69406992,-99.10541832,800
20/06/2025 17:03,20/06/2025,6,19.68624346,-99.11424413,350
22/06/2025 15:09,22/06/2025,6,19.68623841,-99.11422502,800
28/02/2025 09:44,28/02/2025,2,19.68625514,-99.1142267,800
28/02/2025 09:44,28/02/2025,2,19.68622768,-99.11421563,800
24/02/2025 15:59,24/02/2025,2,19.67917618,-99.10222616,350
30/03/2025 11:25,30/03/2025,3,19.67915535,-99.10225265,350
11/03/2025 16:19,11/03/2025,3,19.64857434,-99.12069149,800
25/02/2025 09:10,25/02/2025,2,19.64855824,-99.12068211,800
10/03/2025 13:54,10/03/2025,3,19.64858476,-99.12066635,800
11/03/2025 10:05,11/03/2025,3,19.64855792,-99.12067708,800
20/02/2025 18:27,20/02/2025,2,19.64821438,-99.11975171,800
24/02/2025 17:42,24/02/2025,2,19.64821091,-99.11977049,800
12/03/2025 09:18,12/03/2025,3,19.64821975,-99.11973763,800
13/03/2025 09:06,13/03/2025,3,19.64823585,-99.11972355,800
04/05/2025 15:39,04/05/2025,5,19.63827001,-99.10777096,800
04/05/2025 11:11,04/05/2025,5,19.6382558,-99.10776827,800
01/07/2025 10:09,01/07/2025,7,19.63825991,-99.10778504,800
04/05/2025 16:11,04/05/2025,5,19.63829369,-99.10778806,800
01/07/2025 10:09,01/07/2025,7,19.6382618,-99.10775989,800
13/05/2025 16:41,13/05/2025,5,19.76914693,-99.20145784,350
18/06/2025 17:46,18/06/2025,6,19.76913998,-99.20148566,350
22/02/2025 09:57,22/02/2025,2,19.64829805,-99.11986101,800
24/02/2025 09:29,24/02/2025,2,19.64827753,-99.11985632,800
14/03/2025 16:00,14/03/2025,3,19.64829016,-99.11984324,800
27/02/2025 13:54,27/02/2025,2,19.68479291,-99.12986699,800
27/02/2025 15:13,27/02/2025,2,19.68481658,-99.1298851,800
03/03/2025 17:41,03/03/2025,3,19.68478091,-99.12984487,800
27/02/2025 12:37,27/02/2025,2,19.68477176,-99.12987504,800
27/02/2025 12:32,27/02/2025,2,19.68477965,-99.12983716,800
05/02/2025 14:52,05/02/2025,2,19.72496447,-99.19606894,800
29/01/2025 15:27,29/01/2025,1,19.72494554,-99.19609677,800
04/03/2025 11:50,04/03/2025,3,19.64902334,-99.11424346,800
17/04/2025 10:42,17/04/2025,4,19.64903155,-99.1142267,350
07/03/2025 13:16,07/03/2025,3,19.64904165,-99.11425486,800
04/03/2025 11:07,04/03/2025,3,19.64901671,-99.11423005,800
04/03/2025 13:51,04/03/2025,3,19.64902966,-99.11423475,800
23/05/2025 10:13,23/05/2025,5,19.75861876,-99.19184178,350
04/06/2025 15:51,04/06/2025,6,19.75861655,-99.19181261,350
23/05/2025 09:46,23/05/2025,5,19.75861182,-99.19181228,350
20/02/2025 12:59,20/02/2025,2,19.64806124,-99.11931183,800
20/02/2025 18:13,20/02/2025,2,19.64804293,-99.11929138,800
23/02/2025 16:17,23/02/2025,2,19.64804577,-99.11931284,800
12/03/2025 15:39,12/03/2025,3,19.64807324,-99.11929205,800
23/02/2025 15:13,23/02/2025,2,19.64802998,-99.11929373,800
20/02/2025 17:45,20/02/2025,2,19.64807671,-99.11930345,800
22/02/2025 17:36,22/02/2025,2,19.64805335,-99.11930379,800
21/02/2025 15:27,21/02/2025,2,19.64802998,-99.119283,800
21/02/2025 16:19,21/02/2025,2,19.64806945,-99.11928501,800
12/03/2025 14:26,12/03/2025,3,19.64804514,-99.11929775,800
23/02/2025 18:01,23/02/2025,2,19.64803472,-99.11930915,800
24/02/2025 09:17,24/02/2025,2,19.64805619,-99.11925785,800
20/02/2025 14:49,20/02/2025,2,19.64806819,-99.11928333,800
23/02/2025 13:41,23/02/2025,2,19.64805335,-99.11926992,800
30/04/2025 18:03,30/04/2025,4,19.64929047,-99.10806332,800
30/04/2025 18:00,30/04/2025,4,19.64929931,-99.10805494,800
01/05/2025 18:21,01/05/2025,5,19.64932583,-99.10806365,800
20/02/2025 18:07,20/02/2025,2,19.6480505,-99.11934067,800
23/02/2025 16:29,23/02/2025,2,19.64805429,-99.11935844,800
15/03/2025 10:38,15/03/2025,3,19.64804766,-99.11937017,800
23/02/2025 15:42,23/02/2025,2,19.64805429,-99.11937386,800
23/02/2025 12:59,23/02/2025,2,19.64806819,-99.11932491,800
20/02/2025 15:59,20/02/2025,2,19.64802398,-99.11936112,800
23/02/2025 10:19,23/02/2025,2,19.64804829,-99.11932658,800
12/03/2025 11:31,12/03/2025,3,19.64805619,-99.11932994,800
20/02/2025 18:34,20/02/2025,2,19.6480685,-99.11934871,800
26/03/2025 09:46,26/03/2025,3,19.64575116,-99.12037935,800
26/03/2025 15:26,26/03/2025,3,19.64575148,-99.12036024,800
24/03/2025 09:26,24/03/2025,3,19.64572337,-99.12040316,800
25/03/2025 17:19,25/03/2025,3,19.64574674,-99.12041321,800
26/03/2025 12:12,26/03/2025,3,19.64573442,-99.12038706,800
17/04/2025 12:24,17/04/2025,4,19.64573442,-99.12038706,350
25/03/2025 15:11,25/03/2025,3,19.6457499,-99.12040517,800
22/02/2025 10:07,22/02/2025,2,19.64815533,-99.11960118,800
20/02/2025 17:13,20/02/2025,2,19.64814839,-99.11957771,800
14/03/2025 17:44,14/03/2025,3,19.64816986,-99.11956832,800
23/02/2025 14:11,23/02/2025,2,19.64813418,-99.11961626,800
23/02/2025 11:24,23/02/2025,2,19.64818186,-99.11959011,800
22/02/2025 14:00,22/02/2025,2,19.6481828,-99.11958106,800
06/05/2025 13:41,06/05/2025,5,19.63812318,-99.10709001,800
01/06/2025 15:36,01/06/2025,6,19.63812002,-99.10709102,800
02/05/2025 14:27,02/05/2025,5,19.63813675,-99.10709672,800
01/06/2025 13:17,01/06/2025,6,19.63812381,-99.10709839,800
01/06/2025 13:14,01/06/2025,6,19.63811339,-99.10708331,800
01/06/2025 11:12,01/06/2025,6,19.63812128,-99.10707895,800
30/04/2025 11:14,30/04/2025,4,19.67952818,-99.12736416,800
09/07/2025 10:27,09/07/2025,7,19.67953102,-99.12736349,800
30/04/2025 10:48,30/04/2025,4,19.67951903,-99.12735075,800
23/06/2025 15:13,23/06/2025,6,19.6890533,-99.11143687,350
13/03/2025 17:17,13/03/2025,3,19.68904983,-99.11141574,800
30/06/2025 18:14,30/06/2025,6,19.68009611,-99.10672724,800
30/06/2025 18:50,30/06/2025,6,19.68007843,-99.10671316,800
30/06/2025 17:21,30/06/2025,6,19.68009832,-99.10669841,800
21/03/2025 09:20,21/03/2025,3,19.68011,-99.10674166,350
11/02/2025 11:29,11/02/2025,2,19.68476197,-99.11460657,800
23/06/2025 18:08,23/06/2025,6,19.68478817,-99.11460254,800
19/01/2025 17:13,19/01/2025,1,19.70416833,-99.12585676,800
11/06/2025 15:49,11/06/2025,6,19.70417749,-99.12582356,800
25/06/2025 09:38,25/06/2025,6,19.65301536,-99.10904601,800
25/06/2025 11:14,25/06/2025,6,19.65303335,-99.10904434,800
25/06/2025 09:39,25/06/2025,6,19.65300904,-99.10907719,800
28/07/2025 17:31,28/07/2025,7,19.65303999,-99.10905506,800
25/06/2025 10:22,25/06/2025,6,19.65303335,-99.10904434,800
30/04/2025 14:01,30/04/2025,4,19.64911775,-99.1084519,800
01/05/2025 16:23,01/05/2025,5,19.64910133,-99.1084405,800
06/01/2025 14:42,06/01/2025,1,19.67752131,-99.08712197,800
18/05/2025 13:35,18/05/2025,5,19.67753046,-99.08715215,800
17/04/2025 15:46,17/04/2025,4,19.64890399,-99.12142038,350
12/03/2025 13:11,12/03/2025,3,19.64890399,-99.12142038,800
16/04/2025 16:34,16/04/2025,4,19.64842309,-99.11820173,800
24/03/2025 15:14,24/03/2025,3,19.64841362,-99.11823224,800
22/02/2025 13:08,22/02/2025,2,19.64817933,-99.11965616,800
22/02/2025 14:48,22/02/2025,2,19.64817744,-99.11963806,800
23/02/2025 13:01,23/02/2025,2,19.64817617,-99.11963571,800
22/02/2025 11:57,22/02/2025,2,19.64818312,-99.11964945,800
20/02/2025 18:10,20/02/2025,2,19.64818186,-99.11959883,800
22/02/2025 13:36,22/02/2025,2,19.64817965,-99.11962733,800
23/02/2025 09:48,23/02/2025,2,19.64820775,-99.11963202,800
23/02/2025 11:10,23/02/2025,2,19.64817428,-99.11962096,800
22/02/2025 11:26,22/02/2025,2,19.64817744,-99.1196632,800
22/02/2025 11:00,22/02/2025,2,19.64817491,-99.11963604,800
12/03/2025 09:18,12/03/2025,3,19.64817933,-99.11965985,800
21/02/2025 11:01,21/02/2025,2,19.64819228,-99.1196337,800
22/02/2025 10:24,22/02/2025,2,19.64818975,-99.11962196,800
23/02/2025 12:08,23/02/2025,2,19.64817175,-99.11962833,800
22/02/2025 15:31,22/02/2025,2,19.64816828,-99.1196632,800
22/02/2025 12:28,22/02/2025,2,19.64819165,-99.11965013,800
23/02/2025 11:03,23/02/2025,2,19.6481547,-99.11962297,800
22/02/2025 11:15,22/02/2025,2,19.64818312,-99.11964275,800
23/02/2025 13:57,23/02/2025,2,19.64817333,-99.11965985,800
22/02/2025 15:15,22/02/2025,2,19.64815628,-99.11964778,800
23/02/2025 15:12,23/02/2025,2,19.64815281,-99.1196223,800
31/03/2025 13:40,31/03/2025,3,19.6379915,-99.10645131,800
01/04/2025 18:15,01/04/2025,4,19.63796276,-99.10645768,800
05/01/2025 11:56,05/01/2025,1,19.6780984,-99.08689164,800
02/01/2025 11:35,02/01/2025,1,19.67806683,-99.08687487,800
05/01/2025 13:02,05/01/2025,1,19.67808325,-99.08686984,800
06/01/2025 16:33,06/01/2025,1,19.67807251,-99.08686817,800
07/01/2025 18:39,07/01/2025,1,19.67806715,-99.08687856,800
06/01/2025 11:11,06/01/2025,1,19.67806589,-99.0868789,800
06/07/2025 15:06,06/07/2025,7,19.67806494,-99.08688661,800
05/01/2025 14:03,05/01/2025,1,19.67811008,-99.08692013,800
21/02/2025 17:22,21/02/2025,2,19.6483811,-99.12020333,800
26/02/2025 10:30,26/02/2025,2,19.64836563,-99.12018958,800
21/02/2025 12:11,21/02/2025,2,19.64839341,-99.12021339,800
21/02/2025 15:42,21/02/2025,2,19.64838489,-99.12022144,800
21/02/2025 11:59,21/02/2025,2,19.64836405,-99.12018657,800
21/02/2025 15:27,21/02/2025,2,19.64838615,-99.12020534,800
21/02/2025 13:26,21/02/2025,2,19.64837289,-99.12019528,800
22/02/2025 09:07,22/02/2025,2,19.64836373,-99.12021507,800
21/02/2025 16:21,21/02/2025,2,19.64839247,-99.12019897,800
11/03/2025 09:36,11/03/2025,3,19.64836436,-99.1202087,800
21/02/2025 17:32,21/02/2025,2,19.64837005,-99.12020199,800
11/02/2025 14:29,11/02/2025,2,19.6682525,-99.08899616,350
10/01/2025 14:45,10/01/2025,1,19.6682525,-99.08899616,800
23/02/2025 13:50,23/02/2025,2,19.64819512,-99.11951132,800
12/03/2025 12:42,12/03/2025,3,19.64818217,-99.11947813,800
20/02/2025 09:46,20/02/2025,2,19.64818375,-99.11949623,800
22/02/2025 15:29,22/02/2025,2,19.64819543,-99.11952574,800
30/03/2025 09:36,30/03/2025,3,19.63840074,-99.10619382,800
08/04/2025 09:06,08/04/2025,4,19.63842032,-99.10619482,800
25/01/2025 16:56,25/01/2025,1,19.65995497,-99.10747658,800
27/06/2025 10:05,27/06/2025,6,19.65996318,-99.10747323,800
17/04/2025 17:09,17/04/2025,4,19.6466457,-99.11767032,350
14/03/2025 13:33,14/03/2025,3,19.64667444,-99.11767669,800
14/03/2025 18:38,14/03/2025,3,19.6466457,-99.11767032,800
14/03/2025 14:40,14/03/2025,3,19.64666939,-99.1176901,800
10/06/2025 14:33,10/06/2025,6,19.6478901,-99.11886826,800
11/06/2025 16:35,11/06/2025,6,19.64789263,-99.11888201,800
08/06/2025 14:43,08/06/2025,6,19.64788284,-99.11888804,800
25/02/2025 16:46,25/02/2025,2,19.64789957,-99.11887832,800
24/02/2025 18:10,24/02/2025,2,19.64791062,-99.11889106,800
22/02/2025 12:24,22/02/2025,2,19.64825195,-99.11997568,800
22/02/2025 11:20,22/02/2025,2,19.64824501,-99.11997132,800
22/02/2025 10:27,22/02/2025,2,19.64828479,-99.11997635,800
23/02/2025 11:29,23/02/2025,2,19.64825606,-99.11997534,800
12/03/2025 11:05,12/03/2025,3,19.6482248,-99.1199616,800
17/03/2025 13:47,17/03/2025,3,19.64544235,-99.11811624,800
17/04/2025 14:39,17/04/2025,4,19.64544235,-99.11811624,350
13/04/2025 18:04,13/04/2025,4,19.64544045,-99.1181216,800
17/03/2025 13:41,17/03/2025,3,19.64543287,-99.11813434,800
25/06/2025 14:54,25/06/2025,6,19.69058589,-99.11104158,350
09/03/2025 17:10,09/03/2025,3,19.69056569,-99.11106538,800
15/03/2025 09:36,15/03/2025,3,19.6458301,-99.11796235,800
13/04/2025 11:34,13/04/2025,4,19.6458421,-99.11795866,800
17/04/2025 15:47,17/04/2025,4,19.64896619,-99.12144754,350
10/03/2025 15:35,10/03/2025,3,19.64896619,-99.12144754,800
10/04/2025 15:49,10/04/2025,4,19.63729995,-99.10607949,800
30/03/2025 10:18,30/03/2025,3,19.63728511,-99.10608016,800
30/03/2025 10:14,30/03/2025,3,19.63728574,-99.10607714,800
10/04/2025 17:10,10/04/2025,4,19.63730879,-99.10607345,800
24/02/2025 15:01,24/02/2025,2,19.63570496,-99.0997706,350
07/03/2025 18:56,07/03/2025,3,19.63570496,-99.0997706,800
08/07/2025 11:10,08/07/2025,7,19.6795828,-99.1274054,800
08/07/2025 10:18,08/07/2025,7,19.67956133,-99.12737992,800
30/04/2025 10:51,30/04/2025,4,19.67956007,-99.12738394,800
07/07/2025 17:14,07/07/2025,7,19.67955817,-99.12738997,800
11/03/2025 16:31,11/03/2025,3,19.64851498,-99.12066165,800
25/02/2025 13:11,25/02/2025,2,19.6485134,-99.12066299,800
11/03/2025 17:09,11/03/2025,3,19.64852319,-99.12068345,800
11/03/2025 16:24,11/03/2025,3,19.64854497,-99.12067506,800
11/03/2025 14:52,11/03/2025,3,19.64854655,-99.12065662,800
25/02/2025 16:45,25/02/2025,2,19.64795672,-99.11847498,800
13/03/2025 10:15,13/03/2025,3,19.64798988,-99.11846492,800
15/03/2025 09:36,15/03/2025,3,19.64687273,-99.11752447,800
15/04/2025 09:16,15/04/2025,4,19.64685695,-99.11755163,800
15/03/2025 12:20,15/03/2025,3,19.64690841,-99.11752179,800
01/06/2025 11:36,01/06/2025,6,19.75512794,-99.19839811,350
01/06/2025 10:13,01/06/2025,6,19.75511058,-99.19841453,350
24/02/2025 14:58,24/02/2025,2,19.75507997,-99.19840313,800
08/07/2025 16:35,08/07/2025,7,19.68056302,-99.12719619,800
08/07/2025 17:04,08/07/2025,7,19.68057596,-99.12718747,800
30/04/2025 11:56,30/04/2025,4,19.68055544,-99.12721027,800
12/03/2025 16:30,12/03/2025,3,19.64802145,-99.11924377,800
21/02/2025 13:18,21/02/2025,2,19.64801988,-99.11921024,800
12/03/2025 13:22,12/03/2025,3,19.64802209,-99.11920823,800
15/03/2025 13:29,15/03/2025,3,19.64805619,-99.11925282,800
21/02/2025 14:04,21/02/2025,2,19.64803472,-99.1192726,800
21/02/2025 11:27,21/02/2025,2,19.64803914,-99.11921896,800
23/02/2025 13:34,23/02/2025,2,19.64792546,-99.11898561,800
12/03/2025 11:25,12/03/2025,3,19.64795041,-99.11899265,800
24/02/2025 10:24,24/02/2025,2,19.64791315,-99.11900673,800
31/03/2025 09:36,31/03/2025,3,19.63867704,-99.10617102,800
01/04/2025 09:30,01/04/2025,4,19.63870673,-99.10616398,800
31/03/2025 16:23,31/03/2025,3,19.63870988,-99.10616163,800
01/07/2025 10:24,01/07/2025,7,19.63823843,-99.10750341,800
03/05/2025 13:18,03/05/2025,5,19.63824064,-99.10752319,800
20/03/2025 09:17,20/03/2025,3,19.64535235,-99.119225,800
21/03/2025 12:26,21/03/2025,3,19.64533088,-99.11925081,800
24/03/2025 12:21,24/03/2025,3,19.6453773,-99.11919951,800
20/03/2025 10:13,20/03/2025,3,19.64531667,-99.11922164,800
20/03/2025 11:07,20/03/2025,3,19.64535678,-99.11921695,800
17/04/2025 12:24,17/04/2025,4,19.64534509,-99.11920186,350
24/03/2025 11:04,24/03/2025,3,19.64532867,-99.1192317,800
01/07/2025 09:33,01/07/2025,7,19.63830633,-99.10791848,800
05/06/2025 11:33,05/06/2025,6,19.63829622,-99.1079225,800
24/02/2025 13:40,24/02/2025,2,19.64856739,-99.12071966,800
24/02/2025 12:39,24/02/2025,2,19.64857434,-99.12070926,800
11/03/2025 16:49,11/03/2025,3,19.64854845,-99.12072469,800
24/02/2025 16:49,24/02/2025,2,19.64856266,-99.12072938,800
11/03/2025 18:03,11/03/2025,3,19.64855824,-99.12071664,800
11/03/2025 14:05,11/03/2025,3,19.64853519,-99.12069183,800
25/02/2025 16:05,25/02/2025,2,19.64856613,-99.12072133,800
12/03/2025 10:31,12/03/2025,3,19.64853266,-99.12071262,800
11/03/2025 15:15,11/03/2025,3,19.6485434,-99.1207049,800
11/03/2025 09:35,11/03/2025,3,19.64856834,-99.12075318,800
25/02/2025 08:58,25/02/2025,2,19.64857623,-99.12074614,800
11/03/2025 18:47,11/03/2025,3,19.64857655,-99.12074011,800
15/03/2025 09:37,15/03/2025,3,19.64692925,-99.11755398,800
15/03/2025 10:32,15/03/2025,3,19.64695483,-99.11754459,800
15/04/2025 12:22,15/04/2025,4,19.64696051,-99.11753822,800
15/03/2025 11:56,15/03/2025,3,19.64695672,-99.11754526,800
26/06/2025 12:24,26/06/2025,6,19.65840819,-99.10782427,800
26/06/2025 10:01,26/06/2025,6,19.65843219,-99.10783935,800
29/01/2025 13:12,29/01/2025,1,19.65842082,-99.1078189,800
10/04/2025 12:32,10/04/2025,4,19.637371,-99.10642616,800
28/03/2025 18:10,28/03/2025,3,19.63737321,-99.10645902,800
31/03/2025 13:41,31/03/2025,3,19.63895145,-99.10606775,800
31/03/2025 10:42,31/03/2025,3,19.6389284,-99.10605971,800
31/03/2025 10:22,31/03/2025,3,19.63894545,-99.10604227,800
31/03/2025 09:20,31/03/2025,3,19.63890945,-99.10609156,800
31/03/2025 17:10,31/03/2025,3,19.63894261,-99.10603926,800
01/04/2025 14:20,01/04/2025,4,19.63893282,-99.10609759,800
31/03/2025 18:13,31/03/2025,3,19.63893282,-99.10604663,800
31/03/2025 13:01,31/03/2025,3,19.63893314,-99.10605133,800
31/03/2025 09:03,31/03/2025,3,19.63894766,-99.10606407,800
02/06/2025 13:06,02/06/2025,6,19.67165713,-99.11840357,800
02/06/2025 11:49,02/06/2025,6,19.67167039,-99.11842737,800
02/06/2025 17:12,02/06/2025,6,19.67167323,-99.11842335,800
15/03/2025 12:09,15/03/2025,3,19.67169091,-99.11843106,350
08/07/2025 14:33,08/07/2025,7,19.68051472,-99.12718814,800
08/07/2025 17:06,08/07/2025,7,19.68051567,-99.12716836,800
30/04/2025 13:30,30/04/2025,4,19.6805103,-99.12718881,800
09/07/2025 12:05,09/07/2025,7,19.68051503,-99.12718713,800
08/07/2025 15:13,08/07/2025,7,19.68050335,-99.12719484,800
09/07/2025 11:11,09/07/2025,7,19.68051283,-99.12718009,800
08/07/2025 15:11,08/07/2025,7,19.68053524,-99.12719887,800
02/06/2025 12:28,02/06/2025,6,19.6714033,-99.11849175,800
18/03/2025 17:17,18/03/2025,3,19.67140109,-99.11845956,350
17/03/2025 09:40,17/03/2025,3,19.67140172,-99.11849778,350
30/03/2025 09:38,30/03/2025,3,19.63752826,-99.10640437,800
29/03/2025 17:17,29/03/2025,3,19.6375251,-99.10641141,800
09/04/2025 18:12,09/04/2025,4,19.63754815,-99.10642181,800
18/02/2025 11:18,18/02/2025,2,19.67472674,-99.1358339,800
10/06/2025 10:29,10/06/2025,6,19.67475578,-99.13584128,800
28/01/2025 11:43,28/01/2025,1,19.67310717,-99.08519782,800
07/02/2025 13:22,07/02/2025,2,19.67310054,-99.08516161,800
28/01/2025 10:42,28/01/2025,1,19.67311317,-99.08517905,800
28/01/2025 12:45,28/01/2025,1,19.6731037,-99.08515424,800
01/04/2025 13:45,01/04/2025,4,19.63803287,-99.10627831,800
30/03/2025 16:16,30/03/2025,3,19.63801329,-99.10628065,800
01/04/2025 17:23,01/04/2025,4,19.63805023,-99.1062934,800
01/04/2025 10:18,01/04/2025,4,19.63802813,-99.10629373,800
01/04/2025 16:03,01/04/2025,4,19.6380556,-99.10630446,800
08/03/2025 16:16,08/03/2025,3,19.67615244,-99.0947552,350
07/04/2025 13:02,07/04/2025,4,19.67616381,-99.09477867,350
16/01/2025 16:44,16/01/2025,1,19.70309135,-99.12148207,800
11/06/2025 15:03,11/06/2025,6,19.70309419,-99.1214928,800
16/01/2025 18:12,16/01/2025,1,19.7030762,-99.12149046,800
16/01/2025 17:46,16/01/2025,1,19.70307683,-99.12148006,800
12/03/2025 17:28,12/03/2025,3,19.64838078,-99.12012957,800
24/02/2025 12:08,24/02/2025,2,19.64836436,-99.12015472,800
22/02/2025 09:09,22/02/2025,2,19.6483912,-99.12015505,800
07/05/2025 15:34,07/05/2025,5,19.63817402,-99.10718959,800
07/05/2025 17:18,07/05/2025,5,19.63819644,-99.10717718,800
01/06/2025 14:31,01/06/2025,6,19.6381857,-99.10720434,800
07/05/2025 15:35,07/05/2025,5,19.63819612,-99.10717182,800
08/05/2025 13:21,08/05/2025,5,19.6381958,-99.10716545,800
07/05/2025 10:12,07/05/2025,5,19.63818317,-99.10716411,800
08/05/2025 16:16,08/05/2025,5,19.63819833,-99.10721675,800
08/05/2025 14:12,08/05/2025,5,19.63818002,-99.10718992,800
09/06/2025 20:43,09/06/2025,6,19.73372033,-99.20185078,800
07/07/2025 17:07,07/07/2025,7,19.73375504,-99.20184407,800
08/07/2025 16:37,08/07/2025,7,19.68049262,-99.12718579,800
30/04/2025 14:29,30/04/2025,4,19.6804822,-99.12715327,800
30/04/2025 11:52,30/04/2025,4,19.68045505,-99.12716433,800
08/07/2025 18:18,08/07/2025,7,19.68048157,-99.12713047,800
09/07/2025 11:11,09/07/2025,7,19.68046326,-99.12715327,800
24/02/2025 11:44,24/02/2025,2,19.64861318,-99.12071597,800
24/02/2025 12:32,24/02/2025,2,19.64859013,-99.12069216,800
26/02/2025 12:00,26/02/2025,2,19.64862076,-99.12073709,800
26/02/2025 13:12,26/02/2025,2,19.64859613,-99.12072971,800
12/03/2025 13:51,12/03/2025,3,19.64859171,-99.1207334,800
11/03/2025 11:42,11/03/2025,3,19.64859897,-99.12075017,800
11/03/2025 12:47,11/03/2025,3,19.64860655,-99.12072167,800
26/02/2025 08:58,26/02/2025,2,19.64861444,-99.12070088,800
26/02/2025 10:25,26/02/2025,2,19.64862297,-99.12071463,800
24/02/2025 18:05,24/02/2025,2,19.64859486,-99.12072536,800
31/01/2025 15:36,31/01/2025,1,19.73783142,-99.1617541,350
16/06/2025 18:11,16/06/2025,6,19.73781532,-99.16175712,800
16/06/2025 19:13,16/06/2025,6,19.73779071,-99.16176952,800
30/01/2025 12:21,30/01/2025,1,19.67284924,-99.08385538,800
06/02/2025 14:52,06/02/2025,2,19.67283788,-99.08386242,800
17/04/2025 12:59,17/04/2025,4,19.67281736,-99.08385236,350
30/01/2025 12:29,30/01/2025,1,19.67283251,-99.08382788,800
30/01/2025 13:14,30/01/2025,1,19.67283125,-99.08384666,800
28/07/2025 12:14,28/07/2025,7,19.67534835,-99.09015488,800
15/04/2025 13:34,15/04/2025,4,19.67532752,-99.09017634,350
21/04/2025 14:24,21/04/2025,4,19.64705271,-99.11761567,800
14/03/2025 15:13,14/03/2025,3,19.64706882,-99.11762673,800
14/03/2025 16:26,14/03/2025,3,19.64707924,-99.11763679,800
27/04/2025 15:56,27/04/2025,4,19.63877304,-99.10520576,800
27/04/2025 16:42,27/04/2025,4,19.6387743,-99.10522319,800
28/04/2025 17:27,28/04/2025,4,19.63879293,-99.10520744,800
28/04/2025 17:18,28/04/2025,4,19.63878346,-99.10517994,800
27/04/2025 15:00,27/04/2025,4,19.63875725,-99.10518564,800
01/05/2025 10:20,01/05/2025,5,19.63877683,-99.10521179,800
27/04/2025 17:30,27/04/2025,4,19.63879641,-99.10521112,800
28/04/2025 14:19,28/04/2025,4,19.63878567,-99.10520777,800
17/03/2025 13:39,17/03/2025,3,19.6448184,-99.11829192,800
18/03/2025 15:14,18/03/2025,3,19.64478683,-99.11828924,800
17/04/2025 13:35,17/04/2025,4,19.6448184,-99.11829192,350
06/01/2025 15:09,06/01/2025,1,19.67646656,-99.08854656,800
08/03/2025 10:44,08/03/2025,3,19.67645804,-99.08852074,350
30/03/2025 12:26,30/03/2025,3,19.63831738,-99.10625249,800
01/04/2025 12:32,01/04/2025,4,19.63831675,-99.10624646,800
01/04/2025 09:31,01/04/2025,4,19.63830948,-99.10625383,800
30/03/2025 14:08,30/03/2025,3,19.63833632,-99.10625685,800
30/03/2025 09:32,30/03/2025,3,19.70619191,-99.07094758,800
10/06/2025 14:28,10/06/2025,6,19.70619286,-99.07092109,800
10/06/2025 17:08,10/06/2025,6,19.70619886,-99.07098312,800
01/04/2025 09:27,01/04/2025,4,19.63875441,-99.10621628,800
31/03/2025 18:14,31/03/2025,3,19.63875157,-99.10618711,800
29/01/2025 15:21,29/01/2025,1,19.69964824,-99.24038172,800
29/04/2025 16:05,29/04/2025,4,19.69965455,-99.24040418,800
01/04/2025 12:26,01/04/2025,4,19.63891387,-99.10601243,800
31/03/2025 15:33,31/03/2025,3,19.63893882,-99.10603825,800
05/04/2025 14:25,05/04/2025,4,19.63894514,-99.10599668,800
10/04/2025 11:31,10/04/2025,4,19.63723174,-99.10612945,800
29/03/2025 10:18,29/03/2025,3,19.63723395,-99.10611637,800
01/05/2025 09:34,01/05/2025,5,19.63880935,-99.10505824,800
27/04/2025 14:58,27/04/2025,4,19.63880335,-99.1050284,800
01/05/2025 17:22,01/05/2025,5,19.64879126,-99.10863228,800
01/05/2025 16:26,01/05/2025,5,19.64877484,-99.10863329,800
01/05/2025 15:15,01/05/2025,5,19.64879284,-99.10861686,800
30/04/2025 19:26,30/04/2025,4,19.64878558,-99.10863865,800
01/05/2025 16:25,01/05/2025,5,19.64880831,-99.10866514,800
29/03/2025 10:20,29/03/2025,3,19.63730658,-99.10588872,800
12/04/2025 11:17,12/04/2025,4,19.63727721,-99.10588302,800
01/04/2025 14:33,01/04/2025,4,19.63800445,-99.10632525,800
31/03/2025 16:17,31/03/2025,3,19.6380215,-99.10633396,800
01/04/2025 11:29,01/04/2025,4,19.63801929,-99.10629071,800
30/03/2025 17:13,30/03/2025,3,19.63798866,-99.10632793,800
30/03/2025 15:23,30/03/2025,3,19.63802939,-99.10631854,800
31/03/2025 12:11,31/03/2025,3,19.63803223,-99.10632525,800
30/03/2025 12:16,30/03/2025,3,19.63800918,-99.10635542,800
31/03/2025 09:01,31/03/2025,3,19.63801423,-99.10630647,800
01/04/2025 10:35,01/04/2025,4,19.6387342,-99.10610832,800
31/03/2025 11:16,31/03/2025,3,19.63874872,-99.10611134,800
01/04/2025 12:26,01/04/2025,4,19.63872662,-99.10612509,800
31/03/2025 10:18,31/03/2025,3,19.63873673,-99.10608485,800
31/03/2025 10:18,31/03/2025,3,19.6387402,-99.1060815,800
31/03/2025 11:16,31/03/2025,3,19.63874651,-99.10612375,800
01/04/2025 18:05,01/04/2025,4,19.63875883,-99.10612307,800
01/04/2025 11:06,01/04/2025,4,19.63872441,-99.10613146,800
31/03/2025 16:09,31/03/2025,3,19.63877114,-99.10609625,800
01/04/2025 12:02,01/04/2025,4,19.63871431,-99.10611872,800
01/04/2025 14:07,01/04/2025,4,19.63874715,-99.10612375,800
01/04/2025 11:11,01/04/2025,4,19.63875757,-99.10609927,800
05/05/2025 14:33,05/05/2025,5,19.63828138,-99.10772536,800
05/06/2025 09:31,05/06/2025,6,19.63827727,-99.10772536,800
02/06/2025 10:09,02/06/2025,6,19.63829496,-99.10769988,800
07/05/2025 16:31,07/05/2025,5,19.63816517,-99.10706285,800
01/06/2025 11:11,01/06/2025,6,19.63815665,-99.10708163,800
07/05/2025 09:00,07/05/2025,5,19.63813202,-99.10706017,800
08/04/2025 11:31,08/04/2025,4,19.63629894,-99.10648417,800
26/03/2025 12:33,26/03/2025,3,19.63629673,-99.1064949,800
27/02/2025 15:47,27/02/2025,2,19.68477744,-99.12974361,800
01/03/2025 13:49,01/03/2025,3,19.6847585,-99.1297416,800
12/06/2025 17:21,12/06/2025,6,19.6737812,-99.11768809,800
18/03/2025 18:12,18/03/2025,3,19.67376605,-99.11769044,350
02/05/2025 14:34,02/05/2025,5,19.64211641,-99.10604127,800
13/04/2025 10:32,13/04/2025,4,19.64213883,-99.10601545,800
23/02/2025 13:17,23/02/2025,2,19.64829616,-99.11994483,800
22/02/2025 16:02,22/02/2025,2,19.64830405,-99.11992539,800
23/02/2025 17:03,23/02/2025,2,19.64829174,-99.11994684,800
22/02/2025 16:12,22/02/2025,2,19.64828795,-99.11994081,800
12/03/2025 16:30,12/03/2025,3,19.64830847,-99.11991432,800
23/02/2025 11:33,23/02/2025,2,19.64828511,-99.11990896,800
23/02/2025 16:10,23/02/2025,2,19.64831005,-99.11994517,800
21/02/2025 12:35,21/02/2025,2,19.64829206,-99.11993913,800
21/02/2025 11:19,21/02/2025,2,19.64830184,-99.11994819,800
21/02/2025 08:57,21/02/2025,2,19.64828132,-99.11992908,800
12/03/2025 15:23,12/03/2025,3,19.64832079,-99.1198865,800
23/02/2025 17:35,23/02/2025,2,19.64828921,-99.11993477,800
20/02/2025 18:28,20/02/2025,2,19.64830248,-99.11994752,800
26/06/2025 15:14,26/06/2025,6,19.65931214,-99.10765026,800
29/01/2025 14:34,29/01/2025,1,19.65933519,-99.10762947,800
16/04/2025 10:24,16/04/2025,4,19.64149561,-99.10368495,800
18/04/2025 14:21,18/04/2025,4,19.64147446,-99.10367422,800
15/04/2025 17:24,15/04/2025,4,19.64146846,-99.10366885,800
22/02/2025 11:20,22/02/2025,2,19.64147161,-99.10369433,350
16/04/2025 14:28,16/04/2025,4,19.64150509,-99.10367154,800
16/04/2025 14:17,16/04/2025,4,19.64147667,-99.1037064,800
18/04/2025 15:14,18/04/2025,4,19.64148046,-99.1036588,800
16/04/2025 13:14,16/04/2025,4,19.64147004,-99.10370942,800
16/04/2025 11:03,16/04/2025,4,19.64147161,-99.10367623,800
16/04/2025 08:47,16/04/2025,4,19.64148424,-99.10366315,800
16/04/2025 08:48,16/04/2025,4,19.64148677,-99.10367154,800
29/04/2025 16:24,29/04/2025,4,19.6386682,-99.10478164,800
01/05/2025 10:22,01/05/2025,5,19.63867073,-99.10480209,800
26/05/2025 13:32,26/05/2025,5,19.74234917,-99.1992534,800
07/07/2025 15:55,07/07/2025,7,19.7423498,-99.19926178,800
01/06/2025 18:55,01/06/2025,6,19.63819549,-99.10743937,800
01/06/2025 18:07,01/06/2025,6,19.63817623,-99.10743333,800
03/05/2025 10:15,03/05/2025,5,19.63822044,-99.10746217,800
07/05/2025 09:14,07/05/2025,5,19.6382138,-99.10745949,800
14/06/2025 10:14,14/06/2025,6,19.62313235,-99.09792457,800
14/06/2025 10:15,14/06/2025,6,19.62312161,-99.09795508,800
23/03/2025 13:06,23/03/2025,3,19.62313677,-99.09792323,800
21/03/2025 13:24,21/03/2025,3,19.62314214,-99.09793295,800
26/02/2025 14:13,26/02/2025,2,19.64854055,-99.11305994,800
04/03/2025 14:58,04/03/2025,3,19.64850993,-99.11307,800
18/03/2025 11:10,18/03/2025,3,19.6787159,-99.09950171,350
04/04/2025 09:55,04/04/2025,4,19.67871274,-99.09951445,350
29/03/2025 10:27,29/03/2025,3,19.70677616,-99.07024316,800
12/06/2025 16:44,12/06/2025,6,19.70678311,-99.07021936,800
22/06/2025 10:29,22/06/2025,6,19.68666994,-99.11413014,800
27/02/2025 18:21,27/02/2025,2,19.68669962,-99.11414791,800
28/06/2025 17:14,28/06/2025,6,19.65967934,-99.11023892,800
28/06/2025 17:11,28/06/2025,6,19.6596907,-99.11024831,800
28/06/2025 17:41,28/06/2025,6,19.65964618,-99.11025804,800
29/06/2025 13:01,29/06/2025,6,19.65962566,-99.11025468,800
29/06/2025 12:58,29/06/2025,6,19.65963577,-99.11023155,800
28/06/2025 18:12,28/06/2025,6,19.65965755,-99.11024328,800
25/02/2025 09:17,25/02/2025,2,19.65964176,-99.11025669,350
28/06/2025 18:34,28/06/2025,6,19.65965313,-99.1102349,800
05/05/2025 13:29,05/05/2025,5,19.63829338,-99.10739712,800
01/06/2025 17:13,01/06/2025,6,19.63828833,-99.10736829,800
04/05/2025 13:25,04/05/2025,5,19.63829559,-99.10736997,800
04/05/2025 17:12,04/05/2025,5,19.63829401,-99.10735991,800
06/05/2025 10:11,06/05/2025,5,19.6383199,-99.10738673,800
02/03/2025 13:21,02/03/2025,3,19.64867317,-99.11340192,800
06/03/2025 13:38,06/03/2025,3,19.64868549,-99.11343679,800
02/03/2025 14:04,02/03/2025,3,19.64867412,-99.1133922,800
26/02/2025 17:34,26/02/2025,2,19.64868485,-99.11342103,800
27/02/2025 19:42,27/02/2025,2,19.68872342,-99.11202494,800
20/03/2025 18:36,20/03/2025,3,19.68870133,-99.11200885,800
05/03/2025 12:29,05/03/2025,3,19.6848532,-99.12893493,800
27/02/2025 17:29,27/02/2025,2,19.68487751,-99.12895605,800
05/03/2025 15:18,05/03/2025,3,19.68486394,-99.12894633,800
03/03/2025 18:36,03/03/2025,3,19.68487056,-99.12896477,800
11/06/2025 09:24,11/06/2025,6,19.67275674,-99.11801498,800
11/06/2025 10:19,11/06/2025,6,19.67275832,-99.11803175,800
17/03/2025 12:01,17/03/2025,3,19.67273654,-99.11801063,350
17/04/2025 14:43,17/04/2025,4,19.64438549,-99.11905233,350
19/03/2025 09:01,19/03/2025,3,19.64439591,-99.11904998,800
23/03/2025 09:26,23/03/2025,3,19.62301518,-99.09791216,800
14/06/2025 09:19,14/06/2025,6,19.6230076,-99.09791451,800
03/03/2025 13:11,03/03/2025,3,19.64861823,-99.11344081,800
07/03/2025 11:30,07/03/2025,3,19.64861191,-99.1134388,800
07/03/2025 09:18,07/03/2025,3,19.64862265,-99.11340829,800
26/02/2025 16:15,26/02/2025,2,19.64863339,-99.11345825,800
05/03/2025 13:54,05/03/2025,3,19.64861255,-99.11345858,800
06/03/2025 14:32,06/03/2025,3,19.64862991,-99.1134616,800
06/03/2025 18:28,06/03/2025,3,19.64862107,-99.11341801,800
05/03/2025 18:16,05/03/2025,3,19.64862012,-99.1134559,800
24/02/2025 11:30,24/02/2025,2,19.64861539,-99.1207619,800
25/02/2025 15:19,25/02/2025,2,19.64861602,-99.12077095,800
11/03/2025 19:11,11/03/2025,3,19.64863054,-99.12078001,800
11/03/2025 09:08,11/03/2025,3,19.64863307,-99.12074313,800
09/03/2025 10:43,09/03/2025,3,19.6486176,-99.12080649,800
29/04/2025 13:20,29/04/2025,4,19.63873673,-99.10487317,800
29/04/2025 14:25,29/04/2025,4,19.63872504,-99.10487585,800
29/04/2025 09:16,29/04/2025,4,19.63874904,-99.10484064,800
29/04/2025 09:13,29/04/2025,4,19.63871715,-99.1048611,800
29/05/2025 19:18,29/05/2025,5,19.6387503,-99.10485741,800
01/04/2025 16:17,01/04/2025,4,19.6385621,-99.10619114,800
31/03/2025 18:14,31/03/2025,3,19.63854852,-99.10616197,800
08/06/2025 11:59,08/06/2025,6,19.64796083,-99.11883105,800
08/06/2025 10:53,08/06/2025,6,19.64795325,-99.11883976,800
24/02/2025 18:41,24/02/2025,2,19.64797156,-99.11884714,800
01/06/2025 18:05,01/06/2025,6,19.63821854,-99.10757348,800
03/05/2025 17:16,03/05/2025,5,19.63819328,-99.10757683,800
31/05/2025 15:45,31/05/2025,5,19.75690633,-99.19774164,350
24/02/2025 14:17,24/02/2025,2,19.75690223,-99.19771113,800
31/03/2025 13:40,31/03/2025,3,19.63838306,-99.10623237,800
08/04/2025 10:14,08/04/2025,4,19.63841337,-99.10625149,800
07/07/2025 16:21,07/07/2025,7,19.67731042,-99.12778325,800
28/02/2025 12:55,28/02/2025,2,19.67730506,-99.12780169,800
07/07/2025 16:15,07/07/2025,7,19.67728769,-99.12779029,800
04/03/2025 18:37,04/03/2025,3,19.64842088,-99.11308475,800
17/04/2025 09:30,17/04/2025,4,19.64842088,-99.11308475,350
09/06/2025 18:03,09/06/2025,6,19.67298184,-99.13090166,800
15/02/2025 10:28,15/02/2025,2,19.67296669,-99.13089328,800
14/06/2025 10:19,14/06/2025,6,19.67462666,-99.11742657,800
17/03/2025 17:19,17/03/2025,3,19.67461782,-99.11739472,350
14/06/2025 09:10,14/06/2025,6,19.67461498,-99.11742657,800
01/06/2025 15:25,01/06/2025,6,19.63816675,-99.10716847,800
07/05/2025 12:20,07/05/2025,5,19.63814654,-99.10714164,800
07/05/2025 13:19,07/05/2025,5,19.6381576,-99.10714835,800
07/05/2025 11:19,07/05/2025,5,19.63814212,-99.10713259,800
07/05/2025 12:15,07/05/2025,5,19.63814149,-99.10714667,800
02/05/2025 09:26,02/05/2025,5,19.63814244,-99.10711247,800
02/05/2025 17:50,02/05/2025,5,19.63814623,-99.10712823,800
07/05/2025 11:13,07/05/2025,5,19.6381617,-99.10717014,800
01/06/2025 12:07,01/06/2025,6,19.63812665,-99.10712488,800
01/06/2025 12:08,01/06/2025,6,19.63812286,-99.10712723,800
12/06/2025 17:53,12/06/2025,6,19.67303425,-99.1179258,800
12/06/2025 18:29,12/06/2025,6,19.67302067,-99.11792982,800
11/06/2025 14:18,11/06/2025,6,19.67303488,-99.11791004,800
11/06/2025 12:15,11/06/2025,6,19.672985,-99.11792513,800
11/06/2025 11:15,11/06/2025,6,19.6729951,-99.11793016,800
17/03/2025 13:38,17/03/2025,3,19.67300204,-99.11795028,350
30/04/2025 15:50,30/04/2025,4,19.66070041,-99.10305262,350
14/05/2025 15:20,14/05/2025,5,19.66070009,-99.10309017,800
16/05/2025 09:03,16/05/2025,5,19.66066757,-99.10303753,800
16/05/2025 09:03,16/05/2025,5,19.66068715,-99.10307173,800
29/04/2025 18:31,29/04/2025,4,19.66069725,-99.10304558,350
18/03/2025 15:14,18/03/2025,3,19.64486514,-99.11820676,800
17/04/2025 13:34,17/04/2025,4,19.64486514,-99.11820676,350
01/03/2025 16:47,01/03/2025,3,19.64887588,-99.11386762,800
07/03/2025 11:30,07/03/2025,3,19.64887746,-99.11383577,800
06/03/2025 17:31,06/03/2025,3,19.64885157,-99.11381766,800
03/03/2025 10:28,03/03/2025,3,19.64887336,-99.11384951,800
01/03/2025 11:23,01/03/2025,3,19.64890336,-99.11386024,800
03/03/2025 10:30,03/03/2025,3,19.64886262,-99.11384583,800
02/03/2025 10:29,02/03/2025,3,19.64890336,-99.11383677,800
26/02/2025 15:04,26/02/2025,2,19.64887241,-99.11384247,800
03/03/2025 11:26,03/03/2025,3,19.64886262,-99.11386427,800
04/03/2025 18:20,04/03/2025,3,19.64889799,-99.11385555,800
02/05/2025 17:47,02/05/2025,5,19.63820559,-99.10733007,800
03/05/2025 09:19,03/05/2025,5,19.63821001,-99.10736796,800
04/05/2025 11:21,04/05/2025,5,19.63823307,-99.10736561,800
01/06/2025 16:13,01/06/2025,6,19.63822328,-99.10733677,800
03/05/2025 09:11,03/05/2025,5,19.63818854,-99.10734113,800
05/05/2025 17:11,05/05/2025,5,19.63823749,-99.10735454,800
02/05/2025 18:06,02/05/2025,5,19.63821665,-99.10735924,800
29/01/2025 17:45,29/01/2025,1,19.62313708,-99.09798324,350
22/03/2025 12:27,22/03/2025,3,19.62315003,-99.09800503,800
23/02/2025 17:07,23/02/2025,2,19.64823364,-99.11963202,800
23/02/2025 09:26,23/02/2025,2,19.64824974,-99.11959983,800
23/02/2025 09:27,23/02/2025,2,19.6482289,-99.11961325,800
14/03/2025 16:55,14/03/2025,3,19.64825259,-99.11956262,800
24/03/2025 12:18,24/03/2025,3,19.64589325,-99.12074346,800
29/01/2025 19:02,29/01/2025,1,19.64589325,-99.12075654,800
19/03/2025 11:48,19/03/2025,3,19.62320119,-99.09726173,800
27/02/2025 11:04,27/02/2025,2,19.62318919,-99.09728285,350
18/05/2025 18:06,18/05/2025,5,19.64575842,-99.12043132,800
24/03/2025 10:21,24/03/2025,3,19.64574484,-99.12043668,800
25/03/2025 17:21,25/03/2025,3,19.64578274,-99.12043367,800
24/03/2025 11:22,24/03/2025,3,19.64576663,-99.12043836,800
24/03/2025 13:35,24/03/2025,3,19.64577579,-99.12043165,800
24/03/2025 16:27,24/03/2025,3,19.64575495,-99.12042495,800
25/03/2025 12:24,25/03/2025,3,19.64575684,-99.12044507,800
25/03/2025 16:26,25/03/2025,3,19.6457701,-99.12045512,800
25/03/2025 18:24,25/03/2025,3,19.64577042,-99.12043534,800
24/03/2025 09:29,24/03/2025,3,19.64575842,-99.12043165,800
25/03/2025 14:12,25/03/2025,3,19.64576379,-99.12043434,800
18/05/2025 09:47,18/05/2025,5,19.64575905,-99.12044372,800
18/05/2025 12:10,18/05/2025,5,19.64575684,-99.12043869,800
21/03/2025 16:38,21/03/2025,3,19.68879129,-99.11251746,800
28/02/2025 13:59,28/02/2025,2,19.68877204,-99.11249869,800
12/03/2025 18:22,12/03/2025,3,19.64841331,-99.12024524,800
26/02/2025 09:01,26/02/2025,2,19.64840573,-99.12023619,800
15/02/2025 18:48,15/02/2025,2,19.67560407,-99.13762696,800
10/06/2025 12:26,10/06/2025,6,19.67561038,-99.13759343,800
02/01/2025 10:21,02/01/2025,1,19.65308987,-99.10581227,800
22/07/2025 11:09,22/07/2025,7,19.65308924,-99.10578914,800
02/03/2025 17:41,02/03/2025,3,19.62411576,-99.0877771,350
28/02/2025 11:12,28/02/2025,2,19.62412965,-99.08776671,350
25/02/2025 14:15,25/02/2025,2,19.64865612,-99.12067574,800
11/03/2025 09:09,11/03/2025,3,19.64868296,-99.12068345,800
24/02/2025 14:24,24/02/2025,2,19.64864538,-99.1206992,800
22/02/2025 15:59,22/02/2025,2,19.68975315,-99.1152617,800
01/03/2025 14:35,01/03/2025,3,19.68973011,-99.11525499,800
09/04/2025 18:12,09/04/2025,4,19.67807315,-99.09693751,350
29/03/2025 17:34,29/03/2025,3,19.67808862,-99.09692209,350
10/04/2025 15:19,10/04/2025,4,19.67656506,-99.09532819,350
15/03/2025 16:58,15/03/2025,3,19.67656853,-99.0953473,350
05/05/2025 14:33,05/05/2025,5,19.63829843,-99.10762511,800
05/06/2025 10:17,05/06/2025,6,19.63829843,-99.10760801,800
05/06/2025 09:42,05/06/2025,6,19.63831801,-99.1076526,800
05/06/2025 11:16,05/06/2025,6,19.63831138,-99.10764657,800
07/04/2025 17:28,07/04/2025,4,19.67629072,-99.09540363,350
15/03/2025 18:07,15/03/2025,3,19.67627935,-99.09540027,350
26/03/2025 13:30,26/03/2025,3,19.67787331,-99.09550186,350
14/04/2025 13:12,14/04/2025,4,19.67788183,-99.09549315,350
13/03/2025 11:09,13/03/2025,3,19.64786547,-99.11861211,800
26/02/2025 10:38,26/02/2025,2,19.64785663,-99.11860842,800
09/04/2025 16:13,09/04/2025,4,19.67809525,-99.09687348,350
29/03/2025 14:36,29/03/2025,3,19.67808641,-99.09690835,350
09/04/2025 17:21,09/04/2025,4,19.67810882,-99.09689024,350
09/04/2025 14:26,09/04/2025,4,19.67809461,-99.09690365,350
01/06/2025 18:51,01/06/2025,6,19.63822422,-99.10740718,800
06/05/2025 11:12,06/05/2025,5,19.6382337,-99.1073864,800
04/05/2025 14:12,04/05/2025,5,19.63823496,-99.10739176,800
03/05/2025 14:12,03/05/2025,5,19.63821317,-99.10742663,800
02/05/2025 18:12,02/05/2025,5,19.63823307,-99.10742227,800
30/03/2025 17:17,30/03/2025,3,19.63833664,-99.10623036,800
08/04/2025 12:23,08/04/2025,4,19.63835053,-99.10622969,800
30/03/2025 15:23,30/03/2025,3,19.63834296,-99.10620689,800
30/03/2025 13:19,30/03/2025,3,19.63833664,-99.10621393,800
01/04/2025 10:25,01/04/2025,4,19.63831927,-99.10622869,800
31/03/2025 12:07,31/03/2025,3,19.6383259,-99.10620354,800
31/03/2025 17:03,31/03/2025,3,19.63831896,-99.10623271,800
31/03/2025 15:11,31/03/2025,3,19.63835843,-99.10620824,800
31/03/2025 10:52,31/03/2025,3,19.63831264,-99.10622265,800
19/03/2025 17:22,19/03/2025,3,19.62296371,-99.09733348,800
19/03/2025 13:25,19/03/2025,3,19.62296118,-99.09732912,800
27/02/2025 09:43,27/02/2025,2,19.62294665,-99.09731973,350
20/03/2025 18:09,20/03/2025,3,19.6229716,-99.0973499,800
19/03/2025 13:28,19/03/2025,3,19.62297887,-99.09736332,800
21/03/2025 09:21,21/03/2025,3,19.62289992,-99.09779314,800
14/06/2025 11:15,14/06/2025,6,19.62287812,-99.09781326,800
21/04/2025 09:19,21/04/2025,4,19.63846611,-99.10617672,800
31/03/2025 09:14,31/03/2025,3,19.63849832,-99.10617605,800
10/06/2025 11:17,10/06/2025,6,19.67420172,-99.13445156,800
22/04/2025 15:19,22/04/2025,4,19.67420172,-99.13448341,800
17/03/2025 11:03,17/03/2025,3,19.67228065,-99.11817994,350
02/06/2025 18:28,02/06/2025,6,19.67226392,-99.11819972,800
23/03/2025 11:11,23/03/2025,3,19.62303666,-99.09796178,800
14/06/2025 12:08,14/06/2025,6,19.62302655,-99.09793999,800
14/06/2025 12:10,14/06/2025,6,19.6230095,-99.09793999,800
08/04/2025 09:43,08/04/2025,4,19.67817101,-99.09574192,350
08/04/2025 09:44,08/04/2025,4,19.67817543,-99.09575935,350
08/04/2025 17:51,08/04/2025,4,19.67816312,-99.09575634,350
08/04/2025 11:46,08/04/2025,4,19.6781647,-99.095755,350
08/04/2025 10:41,08/04/2025,4,19.67815965,-99.09575835,350
07/03/2025 15:06,07/03/2025,3,19.67817859,-99.09577277,350
22/07/2025 12:20,22/07/2025,7,19.65756834,-99.07752335,800
22/07/2025 10:16,22/07/2025,7,19.65756644,-99.07748982,800
21/07/2025 15:12,21/07/2025,7,19.65756013,-99.07749485,800
01/03/2025 11:19,01/03/2025,3,19.65760086,-99.07748915,350
11/03/2025 11:46,11/03/2025,3,19.66245018,-99.0716188,350
18/07/2025 14:20,18/07/2025,7,19.66245081,-99.07160472,800
04/04/2025 16:59,04/04/2025,4,19.67793456,-99.0957731,350
26/03/2025 16:35,26/03/2025,3,19.67791814,-99.09574628,350
16/03/2025 20:25,16/03/2025,3,19.68862777,-99.11200281,800
21/03/2025 20:10,21/03/2025,3,19.68861515,-99.11196996,800
22/03/2025 03:30,22/03/2025,3,19.68860662,-99.11199342,800
28/02/2025 14:43,28/02/2025,2,19.68861167,-99.11194682,800
15/03/2025 13:35,15/03/2025,3,19.67688013,-99.09528963,350
10/04/2025 15:59,10/04/2025,4,19.67689749,-99.09530774,350
29/03/2025 16:28,29/03/2025,3,19.67803084,-99.09666661,350
09/04/2025 14:25,09/04/2025,4,19.67804884,-99.09667097,350
09/04/2025 12:33,09/04/2025,4,19.67804442,-99.09668874,350
09/04/2025 10:37,09/04/2025,4,19.67805926,-99.09666225,350
29/03/2025 14:13,29/03/2025,3,19.67801601,-99.09665789,350
07/03/2025 15:55,07/03/2025,3,19.68139644,-99.14486691,800
18/02/2025 15:14,18/02/2025,2,19.68139644,-99.14486691,800
08/04/2025 10:53,08/04/2025,4,19.67807315,-99.09580495,350
08/04/2025 09:44,08/04/2025,4,19.67809177,-99.09580663,350
27/03/2025 11:23,27/03/2025,3,19.67806525,-99.09580395,350
08/04/2025 13:24,08/04/2025,4,19.67806336,-99.09579154,350
08/04/2025 11:47,08/04/2025,4,19.67806115,-99.09578651,350
08/04/2025 13:15,08/04/2025,4,19.63840327,-99.10626121,800
31/03/2025 14:16,31/03/2025,3,19.63838685,-99.10627864,800
08/04/2025 11:08,08/04/2025,4,19.63839474,-99.10629842,800
01/04/2025 13:38,01/04/2025,4,19.63836032,-99.10628736,800
31/03/2025 18:33,31/03/2025,3,19.63838653,-99.10624813,800
06/07/2025 14:14,06/07/2025,7,19.67584748,-99.1374382,800
09/02/2025 15:35,09/02/2025,2,19.67582727,-99.13743384,800
08/03/2025 17:32,08/03/2025,3,19.67992785,-99.10557356,350
24/02/2025 14:40,24/02/2025,2,19.67992059,-99.10555042,350
21/03/2025 18:09,21/03/2025,3,19.67990449,-99.10554506,350
27/03/2025 16:38,27/03/2025,3,19.6780239,-99.096619,350
09/04/2025 09:44,09/04/2025,4,19.67800211,-99.0966408,350
09/04/2025 11:32,09/04/2025,4,19.6780239,-99.09665219,350
29/03/2025 16:03,29/03/2025,3,19.67800432,-99.09664482,350
15/03/2025 13:22,15/03/2025,3,19.67739787,-99.09517061,350
10/04/2025 12:32,10/04/2025,4,19.67739124,-99.09517832,350
07/04/2025 16:37,07/04/2025,4,19.67612277,-99.09547035,350
07/04/2025 16:37,07/04/2025,4,19.67612498,-99.0954328,350
15/03/2025 16:35,15/03/2025,3,19.67610667,-99.0954975,350
20/06/2025 16:24,20/06/2025,6,19.68625514,-99.11413182,350
20/06/2025 14:17,20/06/2025,6,19.68624346,-99.11409527,350
22/06/2025 19:04,22/06/2025,6,19.68623525,-99.11411874,800
23/06/2025 13:11,23/06/2025,6,19.68626872,-99.11412679,800
28/02/2025 09:44,28/02/2025,2,19.6862564,-99.11414087,800
22/06/2025 19:03,22/06/2025,6,19.68621,-99.11412343,800
09/07/2025 09:19,09/07/2025,7,19.68045569,-99.1272153,800
30/04/2025 14:13,30/04/2025,4,19.68045095,-99.12724715,800
09/07/2025 15:07,09/07/2025,7,19.68044306,-99.12722468,800
09/07/2025 13:03,09/07/2025,7,19.68045821,-99.12723675,800
22/02/2025 16:41,22/02/2025,2,19.68475345,-99.11470346,800
21/06/2025 18:58,21/06/2025,6,19.68475755,-99.11470346,800
21/06/2025 18:57,21/06/2025,6,19.68475092,-99.11471654,800
31/03/2025 17:36,31/03/2025,3,19.63878535,-99.10615057,800
01/04/2025 11:20,01/04/2025,4,19.63879009,-99.10615157,800
31/03/2025 13:18,31/03/2025,3,19.63879325,-99.1061499,800
31/03/2025 14:15,31/03/2025,3,19.6388002,-99.10618309,800
31/03/2025 14:15,31/03/2025,3,19.63877493,-99.10617169,800
31/03/2025 16:13,31/03/2025,3,19.63879325,-99.10614654,800
31/07/2025 14:40,31/07/2025,7,19.68866534,-99.13573634,800
23/04/2025 12:11,23/04/2025,4,19.68864671,-99.13571823,800
23/04/2025 12:10,23/04/2025,4,19.68862335,-99.13569678,800
23/04/2025 13:17,23/04/2025,4,19.68862651,-99.13572494,800
02/03/2025 17:34,02/03/2025,3,19.62509948,-99.08662945,350
28/02/2025 09:36,28/02/2025,2,19.62511653,-99.08664454,350
08/06/2025 10:04,08/06/2025,6,19.64783295,-99.11890648,800
12/03/2025 18:22,12/03/2025,3,19.64780642,-99.11891554,800
08/06/2025 16:14,08/06/2025,6,19.6478159,-99.11889374,800
25/02/2025 12:11,25/02/2025,2,19.6485314,-99.12072368,800
11/03/2025 14:58,11/03/2025,3,19.64855476,-99.1207505,800
11/03/2025 17:16,11/03/2025,3,19.64853329,-99.12073005,800
11/03/2025 14:00,11/03/2025,3,19.64855666,-99.12074514,800
24/02/2025 13:34,24/02/2025,2,19.64852635,-99.12075654,800
25/02/2025 11:06,25/02/2025,2,19.64852066,-99.12072971,800
12/03/2025 09:19,12/03/2025,3,19.64854497,-99.12073676,800
02/03/2025 15:15,02/03/2025,3,19.64882126,-99.11374591,800
26/02/2025 14:03,26/02/2025,2,19.64879568,-99.11375061,800
07/03/2025 14:43,07/03/2025,3,19.64882821,-99.11376167,800
17/04/2025 11:19,17/04/2025,4,19.64919543,-99.11418781,350
03/03/2025 15:39,03/03/2025,3,19.64919543,-99.11418781,800
18/02/2025 14:13,18/02/2025,2,19.68168088,-99.14622545,800
06/03/2025 10:00,06/03/2025,3,19.68168088,-99.14622545,800
09/04/2025 09:44,09/04/2025,4,19.67799138,-99.09631323,350
27/03/2025 16:38,27/03/2025,3,19.67799422,-99.09634106,350
29/03/2025 12:28,29/03/2025,3,19.67800685,-99.0962968,350
29/03/2025 11:24,29/03/2025,3,19.67797307,-99.09633636,350
18/03/2025 09:43,18/03/2025,3,19.67505222,-99.11724988,350
14/06/2025 12:09,14/06/2025,6,19.67505822,-99.11725156,800
01/04/2025 12:28,01/04/2025,4,19.7063207,-99.07170631,800
31/03/2025 18:19,31/03/2025,3,19.70635163,-99.07172173,800
01/04/2025 16:02,01/04/2025,4,19.70629639,-99.07171704,800
01/04/2025 13:44,01/04/2025,4,19.70632164,-99.07172509,800
17/04/2025 11:20,17/04/2025,4,19.64975999,-99.11401179,350
04/03/2025 17:11,04/03/2025,3,19.64975999,-99.11401179,800
01/04/2025 09:30,01/04/2025,4,19.63797792,-99.10633698,800
01/04/2025 12:23,01/04/2025,4,19.63794918,-99.10632625,800
31/03/2025 10:19,31/03/2025,3,19.63795424,-99.10634335,800
30/03/2025 14:12,30/03/2025,3,19.63795171,-99.10632726,800
15/03/2025 16:20,15/03/2025,3,19.68869185,-99.11211815,800
28/02/2025 18:00,28/02/2025,2,19.68869249,-99.11210474,800
02/03/2025 21:43,02/03/2025,3,19.68870322,-99.11215167,800
02/03/2025 16:29,02/03/2025,3,19.68868333,-99.11212184,800
17/06/2025 11:12,17/06/2025,6,19.67569184,-99.11705006,800
18/03/2025 11:41,18/03/2025,3,19.67569247,-99.11705241,350
17/06/2025 11:13,17/06/2025,6,19.67571457,-99.11705174,800
14/06/2025 14:20,14/06/2025,6,19.67566595,-99.11705274,800
17/06/2025 12:08,17/06/2025,6,19.6756991,-99.11701687,800
15/04/2025 10:20,15/04/2025,4,19.64665076,-99.1176321,800
14/03/2025 11:33,14/03/2025,3,19.64667128,-99.11766026,800
14/03/2025 12:48,14/03/2025,3,19.64664665,-99.11763076,800
24/02/2025 18:04,24/02/2025,2,19.64859392,-99.12076727,800
11/03/2025 17:57,11/03/2025,3,19.6485955,-99.12082493,800
09/03/2025 12:05,09/03/2025,3,19.64858002,-99.12080079,800
11/03/2025 10:38,11/03/2025,3,19.64856487,-99.1207666,800
25/02/2025 17:06,25/02/2025,2,19.64857844,-99.12077364,800
11/03/2025 18:22,11/03/2025,3,19.64859707,-99.1208313,800
14/06/2025 09:35,14/06/2025,6,19.67515672,-99.11720999,800
18/03/2025 10:38,18/03/2025,3,19.67516651,-99.11721133,350
14/06/2025 09:45,14/06/2025,6,19.67514315,-99.11722876,800
25/02/2025 14:21,25/02/2025,2,19.64850172,-99.11297176,350
06/03/2025 09:18,06/03/2025,3,19.64851245,-99.11295298,800
13/06/2025 14:23,13/06/2025,6,19.6742134,-99.11753654,800
17/03/2025 15:30,17/03/2025,3,19.67421719,-99.1175523,350
13/06/2025 13:46,13/06/2025,6,19.67419257,-99.11753453,800
13/06/2025 15:04,13/06/2025,6,19.67422035,-99.11755264,800
03/03/2025 09:49,03/03/2025,3,19.68810501,-99.11356486,800
28/02/2025 17:24,28/02/2025,2,19.68807818,-99.11354173,800
09/04/2025 12:34,09/04/2025,4,19.67801853,-99.09670249,350
29/03/2025 15:09,29/03/2025,3,19.67801758,-99.09672093,350
29/03/2025 13:17,29/03/2025,3,19.67803495,-99.09671992,350
01/07/2025 09:27,01/07/2025,7,19.63832906,-99.1078189,800
01/07/2025 10:03,01/07/2025,7,19.63828833,-99.1078474,800
05/05/2025 13:13,05/05/2025,5,19.63832211,-99.10784774,800
24/02/2025 16:00,24/02/2025,2,19.65205738,-99.10934541,350
24/06/2025 15:07,24/06/2025,6,19.65203276,-99.10934675,800
09/05/2025 17:11,09/05/2025,5,19.6381797,-99.10627127,800
09/05/2025 17:08,09/05/2025,5,19.63816012,-99.10630077,800
08/04/2025 17:27,08/04/2025,4,19.63816233,-99.10631284,800
06/07/2025 10:18,06/07/2025,7,19.67770062,-99.08810835,800
06/06/2025 20:01,06/06/2025,6,19.67770157,-99.08808991,800
06/06/2025 18:22,06/06/2025,6,19.6777262,-99.08810735,800
07/03/2025 10:29,07/03/2025,3,19.64879979,-99.11387634,800
02/03/2025 11:33,02/03/2025,3,19.64881116,-99.11386024,800
07/03/2025 09:14,07/03/2025,3,19.64880042,-99.11388505,800
26/02/2025 17:45,26/02/2025,2,19.64883894,-99.11386997,800
30/04/2025 09:29,30/04/2025,4,19.67737072,-99.12776213,800
30/04/2025 09:29,30/04/2025,4,19.6773562,-99.12775844,800
30/04/2025 09:33,30/04/2025,4,19.67735399,-99.12776884,800
30/04/2025 09:28,30/04/2025,4,19.67734799,-99.12776213,800
30/04/2025 09:28,30/04/2025,4,19.67737104,-99.12776046,800
09/02/2025 11:06,09/02/2025,2,19.67737925,-99.1277675,800
06/07/2025 12:16,06/07/2025,7,19.67719772,-99.08701099,800
05/01/2025 09:37,05/01/2025,1,19.67718478,-99.08699725,800
04/02/2025 12:35,04/02/2025,2,19.71921344,-99.05129671,800
04/06/2025 11:07,04/06/2025,6,19.71920839,-99.05126654,800
24/01/2025 08:40,24/01/2025,1,19.71755488,-99.13359258,350
16/07/2025 16:06,16/07/2025,7,19.71753657,-99.13356509,350
12/03/2025 10:16,12/03/2025,3,19.64813197,-99.11960419,800
23/02/2025 11:33,23/02/2025,2,19.64809913,-99.11960151,800
07/04/2025 14:14,07/04/2025,4,19.67759834,-99.09447961,350
19/03/2025 15:11,19/03/2025,3,19.67759676,-99.09444373,350
28/02/2025 16:21,28/02/2025,2,19.68864829,-99.11198001,800
16/03/2025 18:00,16/03/2025,3,19.68864008,-99.11197063,800
09/03/2025 15:53,09/03/2025,3,19.68865997,-99.11195654,800
21/03/2025 19:04,21/03/2025,3,19.68866534,-99.11196593,800
22/01/2025 16:44,22/01/2025,1,19.67199494,-99.08244655,350
08/02/2025 10:30,08/02/2025,2,19.67199873,-99.0824613,800
09/02/2025 12:47,09/02/2025,2,19.67199305,-99.08243649,800
08/02/2025 09:23,08/02/2025,2,19.67199873,-99.08246297,800
07/04/2025 14:15,07/04/2025,4,19.67662094,-99.09535233,350
15/03/2025 18:34,15/03/2025,3,19.67662757,-99.09532014,350
10/06/2025 12:18,10/06/2025,6,19.70641381,-99.07067701,800
27/03/2025 10:10,27/03/2025,3,19.70638004,-99.07067165,800
13/03/2025 09:14,13/03/2025,3,19.64781242,-99.11857557,800
25/02/2025 10:22,25/02/2025,2,19.64778685,-99.11858663,800
25/02/2025 11:16,25/02/2025,2,19.64779001,-99.11858663,800
26/02/2025 09:02,26/02/2025,2,19.64780421,-99.11858898,800
25/02/2025 08:57,25/02/2025,2,19.64778843,-99.11858495,800
25/02/2025 14:07,25/02/2025,2,19.64780674,-99.11855679,800
04/06/2025 15:04,04/06/2025,6,19.72263972,-99.05026507,800
14/06/2025 15:10,14/06/2025,6,19.72264887,-99.05026339,800
03/06/2025 15:08,03/06/2025,6,19.72261826,-99.05025166,800
04/06/2025 15:54,04/06/2025,6,19.72264698,-99.05027445,800
04/02/2025 17:21,04/02/2025,2,19.72264666,-99.05027177,800
31/03/2025 10:20,31/03/2025,3,19.70602463,-99.07109745,800
31/03/2025 09:15,31/03/2025,3,19.70601358,-99.07109812,800
10/06/2025 15:04,10/06/2025,6,19.70602936,-99.07107666,800
01/05/2025 09:27,01/05/2025,5,19.63873262,-99.10502069,800
29/04/2025 15:19,29/04/2025,4,19.63876672,-99.10501096,800
19/04/2025 15:31,19/04/2025,4,19.6455036,-99.11803275,800
16/03/2025 15:06,16/03/2025,3,19.64551339,-99.11802337,800
03/03/2025 15:52,03/03/2025,3,19.66519855,-99.08252567,350
27/02/2025 14:38,27/02/2025,2,19.66519855,-99.08252567,350
03/05/2025 10:16,03/05/2025,5,19.63822991,-99.10751816,800
03/05/2025 09:19,03/05/2025,5,19.63823496,-99.10751246,800
04/05/2025 09:13,04/05/2025,5,19.6382198,-99.10753056,800
03/05/2025 11:11,03/05/2025,5,19.63819328,-99.10751346,800
01/06/2025 16:07,01/06/2025,6,19.63823528,-99.10752386,800
03/05/2025 15:14,03/05/2025,5,19.63821286,-99.10753828,800
04/05/2025 09:05,04/05/2025,5,19.6382018,-99.10752185,800
10/06/2025 18:27,10/06/2025,6,19.70610133,-99.07111455,800
31/03/2025 09:26,31/03/2025,3,19.70605177,-99.0711179,800
30/03/2025 17:17,30/03/2025,3,19.70607892,-99.07110482,800
23/03/2025 12:07,23/03/2025,3,19.62303918,-99.09790412,800
14/06/2025 09:14,14/06/2025,6,19.62306477,-99.09792557,800
14/06/2025 09:10,14/06/2025,6,19.62306161,-99.09794502,800
24/03/2025 13:20,24/03/2025,3,19.71696941,-99.13327307,800
20/07/2025 10:19,20/07/2025,7,19.71699497,-99.13327508,350
08/01/2025 13:51,08/01/2025,1,19.67767979,-99.08694662,800
08/01/2025 14:33,08/01/2025,1,19.67769179,-99.08693086,800
06/07/2025 11:04,06/07/2025,7,19.67766969,-99.08694528,800
08/01/2025 09:33,08/01/2025,1,19.67768705,-99.08696875,800
04/03/2025 13:49,04/03/2025,3,19.6489403,-99.11414959,800
26/02/2025 18:00,26/02/2025,2,19.64892609,-99.11413249,800
03/03/2025 18:18,03/03/2025,3,19.64892546,-99.11418077,800
05/03/2025 09:19,05/03/2025,3,19.64866212,-99.11354542,800
06/03/2025 14:39,06/03/2025,3,19.64867159,-99.1135082,800
06/03/2025 16:34,06/03/2025,3,19.64864538,-99.11349244,800
05/03/2025 11:27,05/03/2025,3,19.6486397,-99.1135243,800
26/02/2025 14:57,26/02/2025,2,19.6486217,-99.11350317,800
26/02/2025 17:40,26/02/2025,2,19.64861665,-99.11351658,800
06/03/2025 14:31,06/03/2025,3,19.68870417,-99.11271226,800
28/02/2025 19:31,28/02/2025,2,19.68869817,-99.11268108,800
26/02/2025 09:01,26/02/2025,2,19.64793304,-99.11860272,800
13/03/2025 11:06,13/03/2025,3,19.64791883,-99.11862619,800
20/02/2025 15:07,20/02/2025,2,19.64807861,-99.11932021,800
15/03/2025 11:59,15/03/2025,3,19.64813197,-99.11931686,800
23/02/2025 15:01,23/02/2025,2,19.64809155,-99.11934469,800
20/02/2025 18:28,20/02/2025,2,19.64810829,-99.11933832,800
08/06/2025 11:58,08/06/2025,6,19.647832,-99.11853835,800
08/03/2025 09:20,08/03/2025,3,19.64781463,-99.11852293,800
13/03/2025 09:09,13/03/2025,3,19.647826,-99.11852058,800
26/02/2025 12:02,26/02/2025,2,19.64780169,-99.11854841,800
11/06/2025 12:07,11/06/2025,6,19.69729976,-99.12359197,800
21/01/2025 18:19,21/01/2025,1,19.69728745,-99.12360102,800
04/01/2025 17:50,04/01/2025,1,19.67759613,-99.08701837,800
05/01/2025 09:40,05/01/2025,1,19.67761949,-99.08701569,800
05/01/2025 16:34,05/01/2025,1,19.67761791,-99.08703413,800
18/05/2025 15:02,18/05/2025,5,19.67762833,-99.08702675,800
18/05/2025 15:03,18/05/2025,5,19.67762833,-99.08702843,800
04/01/2025 18:02,04/01/2025,1,19.67760844,-99.0870405,800
